Index #,Timestamp,Formal section,Gender,Function,Vocal delivery,Environment,Layering,Width
,,,,,,,,
1,14.08648526,Chorus,M,Feat,S,E1,L1,W1
,,,,,,,,
1,28.19623583,Verse,M,Main,S,E3,L1,W3
,,,,,,,,
2,27.19793651,Verse,M,Neither,S,E4,L1,W4
,,,,,,,,
2,69.81743764,Chorus,M,Neither,S,E4,L1,W4
,,,,,,,,
4,16.59072562,Chorus,W,Neither,S,E3,L1,W4
,,,,,,,,
4,33.00337869,Verse,M,Neither,S,E4,L1,W4
,,,,,,,,
5,5.017709751,Verse,M,Neither,S,E2,L1,W3
,,,,,,,,
5,42.54945578,Chorus,M,Neither,S,E1,L3,W5
,,,,,,,,
6,11.38247166,Verse,M,Feat,R,E1,L1,W1
,,,,,,,,
6,44.80294785,Chorus,M,Feat,R,E1,L1,W1
,,,,,,,,
7,14.96920635,Verse,M,Neither,S,E4,L1,W3
,,,,,,,,
7,105.0941723,Chorus,W,Neither,S,E4,L1,W3
,,,,,,,,
8,10.34079365,Verse,M,Feat,S,E1,L1,W1
,,,,,,,,
8,51.63417234,Chorus,M,Feat,S,E1,L1,W1
,,,,,,,,
10,15.00918367,Verse,M,Main ,S,E4,L1,W3
,,,,,,,,
10,40.57172336,Chorus,M,Main ,S,E4,L2,W4
,,,,,,,,
11,9.842222222,Chorus,M,Feat,S,E2,L1,W3
,,,,,,,,
11,49.0546712,Verse,M,Feat,R,E2,L1,W3
,,,,,,,,
12,19.10145125,Verse,M,Main,R,E1,L1,W1
,,,,,,,,
12,47.6738322,Chorus,M,Main,R,E1,L1,W1
,,,,,,,,
14,3.041360544,Verse,W,Main,S,E2,L2,W4
,,,,,,,,
14,34.61897959,Chorus,W,Main,S,E1,L5,W5
,,,,,,,,
15,59.52548753,Verse,M,Main,S,E4,L2,W4
,,,,,,,,
15,89.10045352,Chorus,M,Main,S,E2,L2,W4
,,,,,,,,
16,10.66521542,Chorus,M,Main,S,E3,L1,W4
,,,,,,,,
16,33.56156463,Verse,M,Main,S,E3,L1,W4
,,,,,,,,
17,16.06521542,Verse,M,Main,S,E4,L2,W4
,,,,,,,,
17,57.40097506,Chorus,M,Main,S,E2,L4,W5
,,,,,,,,
19,9.950113379,Chorus,M,Feat,S,E1,L3,W3
,,,,,,,,
19,39.97666667,Verse,M,Feat,S,E3,L1,W3
,,,,,,,,
20,6.87521542,Verse,W,Main,S,E3,L1,W3
,,,,,,,,
20,35.1376644,Chorus,W,Main,S,E4,L2,W4
,,,,,,,,
21,19.6806576,Chorus,M,Neither,S,E5,L1,W4
,,,,,,,,
21,39.31430839,Verse,M,Neither,R,E2,L1,W3
,,,,,,,,
22,10.18995465,Verse,W,Main,S,E1,L4,W5
,,,,,,,,
22,30.63557823,Chorus,M,Main,S,E3,L3,W5
,,,,,,,,
23,10.35823129,Chorus,M,Main,S,E2,L2,W4
,,,,,,,,
23,32.25027211,Verse,M,Main,S,E2,L2,W4
,,,,,,,,
24,2.365804989,Verse,M,Neither,S,E1,L2,W4
,,,,,,,,
24,53.41573696,Chorus,M,Neither,S,E2,L1,W4
,,,,,,,,
25,27.51736962,Chorus,M,Main,R,E2,L4,W5
,,,,,,,,
25,41.24501134,Verse,M,Main,R,E1,L1,W1
,,,,,,,,
26,14.74632653,Verse,W,Main,R,E1,L2,W2
,,,,,,,,
26,44.29900227,Chorus,W,Main,R,E1,L3,W4
,,,,,,,,
27,10.70938776,Chorus,M,Neither,S,E3,L1,W3
,,,,,,,,
27,30.08451247,Verse,W,Neither,R,E2,L1,W4
,,,,,,,,
28,2.399410431,Chorus,M,Main,S,E5,L1,W5
,,,,,,,,
28,40.79401361,Verse,M,Main,S,E4,L1,W4
,,,,,,,,
29,10.64630386,Verse,W,Neither,S,E3,L1,W4
,,,,,,,,
29,40.62412698,Chorus,W,Neither,S,E2,L3,W5
,,,,,,,,
31,13.83063492,Chorus,M,Main,S,E1,L1,W2
,,,,,,,,
31,41.20732426,Verse,M,Main,S,E2,L1,W4
,,,,,,,,
32,14.74145833,Verse,W,Main,R,E1,L3,W2
,,,,,,,,
32,57.16239583,Chorus,W,Main,R,E1,L3,W4
,,,,,,,,
33,2.278231293,Verse,W,Neither,S,E3,L1,W3
,,,,,,,,
33,29.18882086,Chorus,W,Neither,S,E2,L5,W5
,,,,,,,,
34,8.67725,Verse,M,Main,S,E3,L1,W3
,,,,,,,,
34,39.37729167,Chorus,M,Main,S,E1,L3,W5
,,,,,,,,
35,4.771104167,Verse,W,Feat,R,E2,L1,W4
,,,,,,,,
35,68.8001875,Chorus,M,Main,S,E1,L5,W5
,,,,,,,,
37,13.64848073,Chorus,M,Feat,R,E1,L1,W1
,,,,,,,,
37,41.07367347,Verse,M,Feat,R,E1,L1,W1
,,,,,,,,
38,4.159750567,Verse,M,Neither,R,E1,L1,W2
,,,,,,,,
38,40.1275737,Chorus,M,Neither,R,E1,L1,W2
,,,,,,,,
39,10.18222222,Verse,W,Neither,S,E4,L1,W3
,,,,,,,,
39,50.60430839,Chorus,W,Neither,S,E2,L4,W5
,,,,,,,,
40,11.34963719,Verse,M,Main,R,E1,L1,W1
,,,,,,,,
40,50.54453515,Chorus,M,Main,R,E1,L1,W1
,,,,,,,,
41,10.97972917,Chorus,M,Feat,R,E2,L1,W4
,,,,,,,,
41,43.72575,Verse,M,Main,R,E2,L1,W3
,,,,,,,,
42,15.40745833,Verse,M,Main,R,E1,L1,W1
,,,,,,,,
42,36.292125,Chorus,M,Main,S,E2,L1,W3
,,,,,,,,
43,6.910997732,Chorus,M,Main,S,E1,L1,W1
,,,,,,,,
43,34.87031746,Verse,M,Main,R,E4,L3,W2
,,,,,,,,
44,19.2072562,Chorus,M,Neither,R,E4,L1,W3
,,,,,,,,
44,38.4037868,Verse,M,Neither,R,E4,L1,W3
,,,,,,,,
45,14.39367347,Verse,M,Neither,S,E4,L1,W4
,,,,,,,,
45,52.53623583,Chorus,M,Neither,S,E2,L1,W4
,,,,,,,,
46,13.18371882,Chorus,M,Main,R,E1,L1,W2
,,,,,,,,
46,39.38820862,Verse,M,Main,R,E1,L1,W2
,,,,,,,,
47,0,Chorus,W,Neither,S,E4,L1,W4
,,,,,,,,
47,23.30947917,Verse,M,Neither,R,E1,L1,W1
,,,,,,,,
48,40.4090625,Chorus,W,Neither,S,E3,L1,W5
,,,,,,,,
48,60.29308333,Verse,M,Neither,R,E2,L1,W3
,,,,,,,,
50,9.812222222,Verse,M,Feat,S,E3,L1,W4
,,,,,,,,
50,48.22097506,Chorus,M,Feat,S,E2,L4,W5
,,,,,,,,
51,8.106258503,Verse,W,Neither,S,E4,L1,W4
,,,,,,,,
51,38.65512472,Chorus,W,Neither,S,E1,L4,W5
,,,,,,,,
52,14.09904167,Chorus,W,Main,R,E2,L1,W3
,,,,,,,,
52,41.98895833,Verse,W,Main,R,E3,L2,W3
,,,,,,,,
53,38.370875,Chorus,M,Main,R,E2,L4,W5
,,,,,,,,
53,57.28289583,Verse,M,Feat,R,E2,L1,W3
,,,,,,,,
54,12.10260771,Verse,M,Main,S,E1,L1,W1
,,,,,,,,
54,47.65022676,Chorus,M,Main,S,E4,L4,W5
,,,,,,,,
55,23.18004535,Verse,W,Neither,S,E5,L1,W4
,,,,,,,,
55,54.19235828,Chorus,W,Neither,S,E5,L1,W4
,,,,,,,,
56,9.388979592,Chorus,M,Feat,S,E1,L1,W1
,,,,,,,,
56,47.02557823,Verse,M,Feat,S,E3,L2,W3
,,,,,,,,
57,12.15127083,Chorus,M,Main,R,E2,L1,W3
,,,,,,,,
57,23.39308333,Verse,M,Main,R,E1,L1,W1
,,,,,,,,
58,13.41324263,Chorus,M,Main,S,E2,L1,W3
,,,,,,,,
58,39.73029479,Verse,M,Main,S,E2,L3,W3
,,,,,,,,
59,11.1535625,Verse,M,Neither,S,E4,L1,W4
,,,,,,,,
59,53.77520833,Chorus,M,Neither,S,E4,L3,W5
,,,,,,,,
60,0,Chorus,M,Neither,R,E2,L2,W4
,,,,,,,,
60,24.87612245,Verse,M,Neither,R,E1,L1,W2
,,,,,,,,
61,9.794943311,Verse,M,Neither,S,E4,L1,W3
,,,,,,,,
61,28.9893424,Chorus,M,Neither,S,E4,L5,W5
,,,,,,,,
62,29.90827664,Chorus,M,Neither,S,E5,L2,W4
,,,,,,,,
62,49.86634921,Verse,M,Neither,S,E5,L1,W3
,,,,,,,,
63,2.8400625,Verse,M,Neither,R,E1,L1,W1
,,,,,,,,
63,23.18670833,Chorus,M,Neither,R,E1,L1,W1
,,,,,,,,
66,22.07664399,Chorus,M,Neither,S,E2,L1,W4
,,,,,,,,
66,44.18873016,Verse,M,Neither,S,E2,L1,W4
,,,,,,,,
68,9.86380952,Verse,M,Neither,S,E3,L1,W4
,,,,,,,,
68,46.8835828,Chorus,M,Neither,S,E1,L4,W4
,,,,,,,,
69,15.18755102,Chorus,M,Main,R,E4,L1,W4
,,,,,,,,
69,45.48739229,Verse,M,Main,R,E4,L1,W4
,,,,,,,,
70,31.29344671,Chorus,M,Main,S,E2,L5,W5
,,,,,,,,
70,46.8924263,Verse,M,Main,S,E3,L1,W3
,,,,,,,,
71,35.59380952,Chorus,M,Feat,S,E3,L1,W3
,,,,,,,,
71,47.42058957,Verse,M,Feat,S,E1,L1,W1
,,,,,,,,
72,49.01485261,Chorus,M,Feat,S,E4,L1,W4
,,,,,,,,
72,78.41891157,Verse,M,Main,R,E2,L1,W4
,,,,,,,,
73,10.11902494,Verse,W,Neither,S,E4,L1,W3
,,,,,,,,
73,47.6630839,Chorus,W,Neither,S,E1,L4,W5
,,,,,,,,
74,9.914229167,Verse,W,Neither,S,E2,L1,W2
,,,,,,,,
74,29.52035417,Chorus,W,Neither,S,E4,L2,W4
,,,,,,,,
75,26.52714286,Chorus,M,Main,S,E3,L1,W4
,,,,,,,,
75,52.77272109,Verse,M,Main,S,E3,L1,W4
,,,,,,,,
76,18.41952083,Verse,M,Neither,S,E2,L1,W4
,,,,,,,,
76,48.928875,Chorus,M,Neither,S,E2,L4,W5
,,,,,,,,
77,9.827528345,Verse,W,Neither,S,E4,L1,W4
,,,,,,,,
77,38.63226757,Chorus,W,Neither,S,E4,L4,W5
,,,,,,,,
78,37.37605442,Verse,M,Main,S,E3,L1,W3
,,,,,,,,
78,101.3722449,Chorus,M,Main,S,E3,L1,W4
,,,,,,,,
79,38.42654167,Chorus,M,Main,S,E1,L1,W2
,,,,,,,,
79,57.65022917,Verse,M,Main,R,E1,L1,W2
,,,,,,,,
80,20.78111111,Verse,M,Main,S,E4,L1,W4
,,,,,,,,
80,62.10557823,Chorus,M,Main,S,E4,L4,W5
,,,,,,,,
81,9.387029478,Verse,M,Main,S,E3,L1,W3
,,,,,,,,
81,45.65024943,Chorus,M,Main,S,E1,L4,W5
,,,,,,,,
82,20.40301587,Verse,M,Main,S,E3,L1,W4
,,,,,,,,
82,58.81802721,Chorus,M,Main,S,E3,L1,W4
,,,,,,,,
83,14.01566667,Chorus,W,Neither,S,E2,L1,W4
,,,,,,,,
83,41.845125,Verse,M,Neither,R,E2,L1,W2
,,,,,,,,
84,19.4653125,Verse,W,Neither,S,E4,L1,W4
,,,,,,,,
84,57.18116667,Chorus,W,Neither,S,E4,L5,W4
,,,,,,,,
85,109.7569841,Verse,W,Feat,S,E2,L2,W3
,,,,,,,,
85,192.0871882,Chorus,M,Main,R,E2,L1,W4
,,,,,,,,
86,12.90872917,Chorus,M,Main,R,E3,L1,W3
,,,,,,,,
86,38.48058333,Verse,M,Main,R,E3,L1,W3
,,,,,,,,
87,12.09471655,Chorus,M,Main,S,E4,L3,W4
,,,,,,,,
87,37.58741497,Verse,M,Main,S,E4,L1,W4
,,,,,,,,
89,0,Chorus,M,Main,S,E4,L1,W4
,,,,,,,,
89,23.80634921,Verse,M,Main,S,E4,L1,W4
,,,,,,,,
90,55.44210884,Chorus,M,Feat,S,E1,L1,W1
,,,,,,,,
90,92.34646259,Verse,M,Feat,S,E1,L1,W1
,,,,,,,,
92,5.099625,Verse,W,Main,S,E3,L1,W4
,,,,,,,,
92,55.62702083,Chorus,W,Main,S,E2,L3,W5
,,,,,,,,
93,31.11725,Verse,M,Neither,S,E1,L3,W2
,,,,,,,,
93,69.10760417,Chorus,W,Neither,S,E1,L1,W1
,,,,,,,,
94,14.84372917,Chorus,W,Main,S,E4,L1,W4
,,,,,,,,
94,29.11414583,Verse,W,Main,S,E1,L1,W2
,,,,,,,,
95,14.90537415,Chorus,M,Main,S,E4,L2,W4
,,,,,,,,
95,44.67725624,Verse,M,Main,S,E4,L1,W4
,,,,,,,,
96,27.54798186,Verse,M,Main,R,E1,L1,W1
,,,,,,,,
96,68.69170068,Chorus,M,Feat,S,E1,L1,W2
,,,,,,,,
97,8.406770833,Verse,M,Main,S,E2,L1,W3
,,,,,,,,
97,37.88858333,Chorus,M,Main,S,E1,L5,W5
,,,,,,,,
98,15.32167801,Chorus,M,Main,R,E1,L1,W1
,,,,,,,,
98,40.55292517,Verse,M,Main,R,E1,L1,W1
,,,,,,,,
100,13.90038549,Chorus,M,Feat,R,E1,L1,W2
,,,,,,,,
100,41.36292517,Verse,M,Feat,R,E1,L1,W1
,,,,,,,,
102,10.04822917,Chorus,W,Main,S,E1,L1,W1
,,,,,,,,
102,28.32727083,Verse,W,Main,S,E2,L2,W3
,,,,,,,,
103,8.675979167,Verse,M,Main,S,E3,L1,W3
,,,,,,,,
103,43.62683333,Chorus,M,Main,S,E3,L3,W5
,,,,,,,,
105,11.61675,Verse,M,Main,S,E1,L1,W2
,,,,,,,,
105,30.06927083,Chorus,M,Main,S,E1,L1,W2
,,,,,,,,
106,10.85072917,Chorus,W,Main,S,E4,L1,W3
,,,,,,,,
106,26.51575,Verse,W,Main,S,E4,L1,W3
,,,,,,,,
107,12.20097506,Verse,W,Feat,S,E5,L1,W4
,,,,,,,,
107,36.26004535,Chorus,W,Feat,S,E5,L3,W5
,,,,,,,,
108,10.36619048,Verse,M,Main,,E1,L1,W1
,,,,,,,,
108,50.74882086,Chorus,M,Main,S,E1,L4,W5
,,,,,,,,
110,9.203900227,Verse,W,Main,S,E4,L1,W4
,,,,,,,,
110,45.79151927,Chorus,W,Main,S,E1,L4,W5
,,,,,,,,
111,0,Chorus,W,Feat,S,E3,L1,W4
,,,,,,,,
111,77.52385488,Verse,W,Feat,S,E3,L2,W4
,,,,,,,,
112,9.605833333,Chorus,W,Neither,S,E4,L1,W4
,,,,,,,,
112,26.6645,Verse,M,Neither,R,E1,L1,W1
,,,,,,,,
113,2.6713125,Verse,M,Neither,S,E2,L1,W3
,,,,,,,,
113,46.6249375,Chorus,M,Neither,S,E1,L3,W2
,,,,,,,,
114,9.782403628,Verse,W,Feat,S,E4,L1,W4
,,,,,,,,
114,86.58165533,Chorus,W,Feat,S,E4,L4,W5
,,,,,,,,
115,24.50225,Verse,M,Main,S,E1,L1,W2
,,,,,,,,
115,73.3351875,Chorus,M,Main,S,E1,L1,W2
,,,,,,,,
116,33.40179138,Verse,M,Feat,S,E3,L1,W4
,,,,,,,,
116,86.71975057,Chorus,M,Feat,S,E3,L1,W4
,,,,,,,,
117,13.13027211,Verse,M,Feat,S,E2,L1,W3
,,,,,,,,
117,78.97526077,Chorus,M,Main,S,E3,L1,W3
,,,,,,,,
119,0,Verse,W,Feat,S,E4,L1,W4
,,,,,,,,
119,23.59222917,Chorus,W,Feat,S,E4,L1,W4
,,,,,,,,
120,0,Verse,W,Neither,S,E2,L1,W4
,,,,,,,,
120,28.7289375,Chorus,W,Neither,S,E1,L4,W5
,,,,,,,,
121,9.648911565,Verse,M,Feat,S,E4,L1,W4
,,,,,,,,
121,48.15326531,Chorus,M,Feat,S,E4,L3,W4
,,,,,,,,
122,0,Chorus,M,Main,S,E1,L1,W1
,,,,,,,,
122,21.05191667,Verse,M,Main,S,E3,L1,W3
,,,,,,,,
123,15.68986395,Verse,M,Main,S,E3,L1,W4
,,,,,,,,
123,56.91272109,Chorus,M,Main,S,E4,L4,W5
,,,,,,,,
124,14.02972789,Verse,M,Feat,R,E1,L1,W1
,,,,,,,,
124,60.32861678,Chorus,M,Feat,S,E3,L1,W3
,,,,,,,,
125,6.929614512,Verse,W,Feat,S,E4,L1,W4
,,,,,,,,
125,39.98684807,Chorus,W,Feat,S,E4,L4,W5
,,,,,,,,
126,7.807916667,Verse,M,Main,S,E2,L1,W4
,,,,,,,,
126,52.23195833,Chorus,M,Main,S,E4,L4,W5
,,,,,,,,
128,18.80085417,Chorus,M,Main,R,E2,L1,W3
,,,,,,,,
128,31.39827083,Verse,M,Main,R,E2,L1,W1
,,,,,,,,
129,13.63752835,Verse,W,Main,S,E3,L1,W3
,,,,,,,,
129,49.85260771,Chorus,W,Main,S,E3,L4,W5
,,,,,,,,
130,7.322721088,Verse,M,Feat,S,E1,L3,W5
,,,,,,,,
130,50.36702948,Chorus,M,Feat,S,E4,L2,W5
,,,,,,,,
131,15.97034014,Chorus,M,Main,R,E2,L1,W3
,,,,,,,,
131,30.48433107,Verse,M,Main,R,E2,L1,W3
,,,,,,,,
133,15.28312925,Chorus,M,Main,S,E3,L2,W4
,,,,,,,,
133,45.49614513,Verse,M,Main,S,E3,L2,W4
,,,,,,,,
134,29.61675737,Chorus,M,Main,R,E1,L1,W1
,,,,,,,,
134,59.18136054,Verse,M,Main,R,E1,L1,W1
,,,,,,,,
135,5.042789116,Chorus,W,Main,S,E3,L1,W3
,,,,,,,,
135,15.2362585,Verse,M,Feat,S,E3,L1,W3
,,,,,,,,
136,9.553401361,Verse,W,Main,S,E1,L1,W1
,,,,,,,,
136,33.57253968,Chorus,W,Main,S,E1,L3,W5
,,,,,,,,
137,16.95011338,Verse,M,Feat,S,E1,L4,W5
,,,,,,,,
137,67.0576644,Chorus,M,Feat,S,E1,L1,W1
,,,,,,,,
138,12.13680272,Chorus,M,Feat,S,E2,L1,W3
,,,,,,,,
138,39.09845805,Verse,M,Main,R,E1,L1,W1
,,,,,,,,
139,38.0894375,Chorus,W,Main,S,E4,L4,W5
,,,,,,,,
139,48.685,Verse,M,Feat,R,E1,L2,W4
,,,,,,,,
140,10.05679167,Verse,M,Neither,R,E1,L3,W4
,,,,,,,,
140,88.371375,Chorus,W,Neither,S,E1,L5,W5
,,,,,,,,
141,20.6523356,Verse,M,Neither,S,E5,L1,W4
,,,,,,,,
141,68.62253968,Dance Chorus,M,Neither,S,E1,L3,W5
,,,,,,,,
142,10.21181406,Verse,M,Main,R,E1,L2,W3
,,,,,,,,
142,40.42895692,Chorus,M,Main,S,E2,L4,W5
,,,,,,,,
144,10.13258333,Chorus,M,Main,S,E2,L1,W3
,,,,,,,,
144,39.52022917,Verse,M,Main,S,E3,L2,W3
,,,,,,,,
145,11.76845833,Verse,W,Main,S,E4,L1,W4
,,,,,,,,
145,44.07575,Chorus,W,Main,S,E4,L3,W4
,,,,,,,,
146,11.92306122,Verse,W,Feat,S,E3,L1,W3
,,,,,,,,
146,34.12759637,Chorus,W,Feat,S,E1,L3,W5
,,,,,,,,
147,15.11784581,Chorus,M,Feat,S,E1,L4,W5
,,,,,,,,
147,28.2893424,Verse,M,Main,R,E1,L3,W3
,,,,,,,,
148,16.60344671,Chorus,M,Neither,S,E2,L1,W3
,,,,,,,,
148,32.06555556,Verse,M,Neither,R,E1,L4,W5
,,,,,,,,
149,0,Chorus,M,Feat,S,E3,L1,W3
,,,,,,,,
149,23.3299093,Verse,M,Main,S,E3,L3,W5
,,,,,,,,
150,4.6216875,Chorus,M,Main,S,E3,L1,W3
,,,,,,,,
150,22.87885417,Verse,W,Main,S,E3,L1,W3
,,,,,,,,
151,0,Verse,W,Neither,S,E3,L1,W3
,,,,,,,,
151,28.002375,Chorus,W,Neither,S,E1,L5,W5
,,,,,,,,
152,14.66417234,Chorus,M,Main,S,E3,L1,W3
,,,,,,,,
152,46.06975057,Verse,M,Main,S,E3,L1,W3
,,,,,,,,
153,49.0652381,Chorus,M,Main,R,E2,L2,W3
,,,,,,,,
153,58.79972789,Verse,M,Main,R,E1,L2,W3
,,,,,,,,
154,9.0443125,Verse,W,Main,R,E2,L1,W4
,,,,,,,,
154,73.08529167,Chorus,M,Feat,S,E2,L2,W4
,,,,,,,,
155,8.81292517,Chorus,M,Main,S,E3,L2,W4
,,,,,,,,
155,42.83095238,Verse,M,Main,S,E2,L1,W4
,,,,,,,,
156,0,Verse,W,Neither,S,E3,L1,W4
,,,,,,,,
156,42.1491875,Chorus,W,Neither,S,E3,L3,W5
,,,,,,,,
157,5.089183673,Verse,W,Neither,S,E4,L2,W4
,,,,,,,,
157,44.45623583,Chorus,W,Neither,S,E1,L3,W4
,,,,,,,,
159,12.423,Chorus,M,Feat,S,E2,L1,W4
,,,,,,,,
159,49.70833333,Verse,M,Main,R,E2,L2,W3
,,,,,,,,
160,0,Verse,M,Main,S,E4,L1,W4
,,,,,,,,
160,30.84643991,Chorus,M,Main,S,E4,L1,W4
,,,,,,,,
161,0,Chorus,M,Main,S,E1,L1,W2
,,,,,,,,
161,20.2175,Verse,M,Main,S,E1,L1,W2
,,,,,,,,
162,0,Verse,W,Neither,S,E1,L2,W1
,,,,,,,,
162,44.0315,Chorus,W,Neither,S,E1,L2,W3
,,,,,,,,
163,0,Verse,W,Feat,S,E1,L1,W1
,,,,,,,,
163,11.97090703,Chorus,W,Feat,S,E1,L1,W1
,,,,,,,,
164,13.62786848,Chorus,M,Main,S,E5,L1,W4
,,,,,,,,
164,41.1585034,Verse,M,Feat,S,E3,L1,W4
,,,,,,,,
165,26.57038549,Verse,M,Main,R,E1,L1,W1
,,,,,,,,
165,138.0914966,Chorus,M,Feat,S,E1,L2,W2
,,,,,,,,
166,19.83337869,Chorus,M,Neither,S,E1,L5,W5
,,,,,,,,
166,39.44036281,Verse,M,Neither,R,E3,L1,W3
,,,,,,,,
167,24.24292517,Verse,M,Main,R,E1,L1,W2
,,,,,,,,
167,89.80049887,Chorus,M,Feat,S,E4,L1,W4
,,,,,,,,
169,6.993945578,Verse,M,Feat,R,E1,L3,W4
,,,,,,,,
169,75.46650794,Chorus,M,Main,S,E3,L5,W5
,,,,,,,,
170,15.77210884,Verse,W,Feat,S,E3,L1,W4
,,,,,,,,
170,31.49430839,Chorus,W,Feat,S,E3,L1,W4
,,,,,,,,
171,19.86208333,Verse,W,Main,S,E2,L2,W4
,,,,,,,,
171,65.31841667,Chorus,W,Main,S,E1,L4,W5
,,,,,,,,
172,10.14922903,Verse,W,Main,R,E2,L1,W3
,,,,,,,,
172,37.94596372,Chorus,W,Feat,S,E3,L5,W5
,,,,,,,,
173,11.7075283,Verse,M,Main,S,E3,L2,W4
,,,,,,,,
173,40.4527438,Dance Chorus,M,Main,S,E1,L5,W5
,,,,,,,,
175,9.206530612,Chorus,W,Feat,S,E1,L3,W1
,,,,,,,,
175,38.70587302,Verse,M,Main,R,E1,L3,W1
,,,,,,,,
177,0,Chorus,W,Feat,S,E5,L1,W4
,,,,,,,,
177,19.2271875,Verse,M,Main,R,E1,L1,W1
,,,,,,,,
179,11.75528345,Chorus,W,Feat,S,E2,L4,W5
,,,,,,,,
179,38.04596372,Verse,W,Main,R,E1,L2,W3
,,,,,,,,
180,0,Verse,W,Neither,S,E3,L1,W4
,,,,,,,,
180,27.70122449,Chorus,W,Neither,S,E3,L5,W5
,,,,,,,,
182,10.0075737,Verse,M,Feat,R,E3,L1,W3
,,,,,,,,
182,39.0461678,Chorus,M,Main,S,E3,L5,W5
,,,,,,,,
183,69.9349792,Verse,W,Main,S,E3,L1,W3
,,,,,,,,
183,153.000938,Chorus,W,Main,S,E3,L1,W3
,,,,,,,,
184,7.55984127,Verse,W,Main,S,E5,L1,W4
,,,,,,,,
184,37.07637188,Chorus,W,Main,S,E5,L4,W5
,,,,,,,,
186,28.19965986,Chorus,M,Main,R,E1,L4,W4
,,,,,,,,
186,41.32750567,Verse,M,Main,S,E1,L2,W3
,,,,,,,,
187,16.83063492,Verse,W,Feat,S,E4,L1,W3
,,,,,,,,
187,64.39,Chorus,W,Feat,S,E1,L5,W5
,,,,,,,,
188,9.891111111,Chorus,M,Main,S,E3,L4,W5
,,,,,,,,
188,39.3322449,Verse,M,Main,S,E3,L1,W3
,,,,,,,,
189,19.70863946,Chorus,M,Feat,S,E2,L5,W5
,,,,,,,,
189,39.35315193,Verse,M,Main,S,E3,L2,W4
,,,,,,,,
190,15.84820862,Verse,M,Main,S,E1,L1,W1
,,,,,,,,
190,37.70956916,Chorus,M,Main,S,E1,L5,W5
,,,,,,,,
191,11.29031746,Chorus,M,Feat,S,E2,L1,W3
,,,,,,,,
191,33.73507937,Verse,M,Main,S,E3,L1,W4
,,,,,,,,
192,5.635854167,Verse,W,Main,S,E3,L1,W4
,,,,,,,,
192,43.62322917,Chorus,W,Main,S,E3,L3,W4
,,,,,,,,
193,21.64773243,Chorus,M,Feat,S,E3,L1,W3
,,,,,,,,
193,43.19038549,Verse,M,Feat,S,E3,L1,W3
,,,,,,,,
194,13.75421769,Verse,M,Main,S,E2,L2,W4
,,,,,,,,
194,67.87752835,Chorus,M,Main,S,E2,L5,W5
,,,,,,,,
195,16.8814059,Verse,M,Neither,S,E1,L1,W1
,,,,,,,,
195,53.69369615,Chorus,M,Neither,S,E1,L4,W5
,,,,,,,,
197,19.88408333,Verse,W,Main,S,E3,L1,W4
,,,,,,,,
197,59.2968125,Chorus,W,Main,S,E1,L2,W5
,,,,,,,,
198,8.0949375,Verse,W,Main,S,E5,L1,W4
,,,,,,,,
198,35.77925,Chorus,W,Main,S,E1,L2,W4
,,,,,,,,
199,11.32295833,Chorus,M,Main,R,E1,L4,W5
,,,,,,,,
199,31.38954167,Verse,M,Main,R,E1,L3,W3
,,,,,,,,
200,0,Chorus,M,Feat,R,E4,L1,W3
,,,,,,,,
200,33.97773243,Verse,M,Feat,R,E4,L1,W3
,,,,,,,,
201,13.8804375,Chorus,W,Neither,R,E2,L4,W5
,,,,,,,,
201,41.30189583,Verse,W,Neither,R,E2,L3,W4
,,,,,,,,
202,17.69247166,Verse,M,Main,R,E1,L4,W5
,,,,,,,,
202,50.61387755,Chorus,W,Feat,S,E2,L1,W4
,,,,,,,,
203,0,Verse,W,Feat,S,E5,L2,W4
,,,,,,,,
203,30.84777778,Chorus,W,Feat,S,E5,L1,W4
,,,,,,,,
204,13.07521542,Chorus,M,Feat,S,E2,L3,W5
,,,,,,,,
204,41.73480726,Verse,M,Main,S,E2,L1,W3
,,,,,,,,
206,23.45131519,Chorus,M,Feat,S,E1,L4,W5
,,,,,,,,
206,43.68154195,Verse,M,Main,R,E1,L1,W1
,,,,,,,,
207,18.2014059,Verse,M,Main,S,E3,L1,W3
,,,,,,,,
207,50.22578231,Chorus,M,Main,S,E1,L4,W5
,,,,,,,,
208,19.85238095,Verse,M,Main,R,E1,L2,W3
,,,,,,,,
208,85.61455782,Chorus,M,Feat,S,E2,L4,W5
,,,,,,,,
209,10.37622917,Verse,W,Main,S,E1,L1,W2
,,,,,,,,
209,50.72977083,Chorus,W,Main,S,E1,L1,W2
,,,,,,,,
210,19.76947846,Verse,M,Main,S,E1,L3,W3
,,,,,,,,
210,132.5850567,Chorus,M,Feat,S,E1,L4,W5
,,,,,,,,
211,17.12445833,Verse,W,Main,S,E2,L1,W4
,,,,,,,,
211,68.57410417,Chorus,W,Main,S,E1,L1,W4
,,,,,,,,
212,33.20328798,Verse,M,Feat,S,E2,L1,W3
,,,,,,,,
212,66.32,Chorus,M,Feat,S,E3,L4,W5
,,,,,,,,
213,44.70444444,Verse,M,Main,S,E1,L1,W1
,,,,,,,,
213,82.3914966,Chorus,M,Main,S,E1,L5,W5
,,,,,,,,
214,53.20451247,Chorus,M,Feat,S,E1,L3,W3
,,,,,,,,
214,79.86006803,Verse,M,Main,R,E1,L2,W3
,,,,,,,,
216,9.362857143,Verse,W,Feat,S,E3,L1,W3
,,,,,,,,
216,54.45095238,Chorus,W,Feat,S,E3,L3,W5
,,,,,,,,
217,7.490204082,Verse,M,Feat,S,E4,L1,W4
,,,,,,,,
217,54.04460318,Chorus,M,Feat,S,E4,L4,W5
,,,,,,,,
219,10.99516667,Chorus,W,Main,S,E1,L3,W5
,,,,,,,,
219,22.56745833,Verse,M,Feat,R,E2,L1,W4
,,,,,,,,
220,19.68870748,Verse,M,Main,S,E4,L1,W4
,,,,,,,,
220,58.00922903,Chorus,M,Main,S,E2,L1,W4
,,,,,,,,
221,14.06610417,Chorus,W,Feat,S,E3,L2,W4
,,,,,,,,
221,70.64004167,Verse,M,Main,R,E1,L4,W5
,,,,,,,,
222,16.29668934,Chorus,M,Feat,R,E3,L1,W4
,,,,,,,,
222,32.46761905,Verse,M,Main,R,E2,L1,W3
,,,,,,,,
224,15.6808125,Verse,M,Main,S,E3,L1,W3
,,,,,,,,
224,45.61858333,Chorus,M,Main,S,E3,L3,W4
,,,,,,,,
225,42.45583333,Verse,M,Main,R,E1,L1,W1
,,,,,,,,
225,90.44766667,Chorus,W,Feat,S,E1,L1,W1
,,,,,,,,
226,2.900362812,Verse,W,Feat,S,E4,L1,W4
,,,,,,,,
226,32.97097506,Chorus,W,Feat,S,E2,L2,W4
,,,,,,,,
227,76.18281179,Verse,W,Neither,S,E4,L1,W5
,,,,,,,,
227,106.6613832,Chorus,W,Neither,S,E4,L1,W5
,,,,,,,,
228,45.8393424,Verse,M,Main,R,E1,L1,W1
,,,,,,,,
228,103.3168934,Chorus,M,Main,S,E1,L4,W5
,,,,,,,,
229,22.13115646,Verse,W,Main,S,E5,L1,W4
,,,,,,,,
229,63.59451247,Chorus,W,Main,S,E5,L1,W4
,,,,,,,,
230,7.805918367,Chorus,W,Feat,S,E3,L1,W4
,,,,,,,,
230,57.81113379,Verse,W,Feat,S,E3,L1,W4
,,,,,,,,
231,33.76622917,Chorus,W,Feat,S,E3,L2,W4
,,,,,,,,
231,75.8624375,Verse,M,Main,R,E3,L1,W3
,,,,,,,,
232,31.88580499,Verse,M,Main,S,E1,L1,W1
,,,,,,,,
232,54.48045352,Chorus,M,Main,S,E1,L3,W5
,,,,,,,,
233,27.85770833,Verse,M,Main,S,E1,L1,W2
,,,,,,,,
233,64.27847917,Chorus,M,Main,S,E1,L3,W5
,,,,,,,,
234,18.6509,Verse,M,Feat,S,E4,L1,W3
,,,,,,,,
234,54.5718,Chorus,M,Feat,S,E1,L3,W4
,,,,,,,,
235,9.583310658,Verse,M,Main,S,E3,L1,W3
,,,,,,,,
235,36.75786848,Chorus,M,Main,S,E1,L5,W5
,,,,,,,,
236,22.73562358,Verse,M,Feat,R,E3,L3,W5
,,,,,,,,
236,45.2890703,Chorus,M,Main,S,E3,L3,W5
,,,,,,,,
237,15.45238095,Chorus,M,Feat,S,E5,L3,W5
,,,,,,,,
237,45.89623583,Verse,M,Main,R,E5,L1,W3
,,,,,,,,
238,14.77673469,Chorus,M,Feat,S,E3,L1,W3
,,,,,,,,
238,44.10623583,Verse,M,Main,R,E1,L1,W3
,,,,,,,,
240,18.65395833,Verse,M,Main,S,E1,L1,W1
,,,,,,,,
240,93.1380625,Chorus,M,Main,S,E1,L1,W2
,,,,,,,,
241,8.5584375,Verse,M,Main,S,E1,L1,W2
,,,,,,,,
241,49.43697917,Chorus,M,Main,S,E1,L3,W5
,,,,,,,,
242,0,Chorus,M,Main,S,E3,L1,W4
,,,,,,,,
242,18.70659864,Verse,M,Main,S,E3,L1,W4
,,,,,,,,
243,0,Chorus,W,Feat,S,E2,L1,W4
,,,,,,,,
243,31.29083333,Verse,M,Main,R,E1,L3,W5
,,,,,,,,
244,0,Verse,M,Main,R,E1,L1,W1
,,,,,,,,
244,57.06727891,Chorus,M,Main,R,E1,L1,W1
,,,,,,,,
245,15.7968125,Verse,M,Main,S,E2,L1,W3
,,,,,,,,
245,78.6373125,Chorus,W,Feat,S,E3,L1,W3
,,,,,,,,
246,15.77569161,Verse,W,Feat,S,E5,L1,W5
,,,,,,,,
246,61.55746032,Chorus,W,Feat,S,E3,L5,W5
,,,,,,,,
247,15.66918367,Chorus,M,Neither,R,E1,L1,W1
,,,,,,,,
247,43.19666667,Verse,M,Neither,R,E1,L2,W3
,,,,,,,,
248,5.332993197,Chorus,M,Feat,S,E1,L4,W5
,,,,,,,,
248,23.04947846,Verse,M,Main,R,E3,L1,W3
,,,,,,,,
249,15.13380952,Verse,M,Main,S,E3,L2,W4
,,,,,,,,
249,42.64566893,Chorus,M,Main,S,E2,L3,W4
,,,,,,,,
250,52.50428571,Chorus,W,Feat,S,E1,L4,W5
,,,,,,,,
250,14.91854875,Verse,W,Feat,S,E3,L1,W3
,,,,,,,,
252,19.3190476,Verse,M,neither,R,E1,L1,W1
,,,,,,,,
252,149.573356,Chorus,M,Neither,R,E1,L1,W1
,,,,,,,,
253,16.26952381,Verse,M,Main,R,E1,L4,W5
,,,,,,,,
253,32.22052154,Chorus,M,Feat,S,E1,L4,W5
,,,,,,,,
254,9.392375,Chorus,W,Feat,S,E1,L3,W5
,,,,,,,,
254,39.01870833,Verse,M,Main,R,E1,L2,W3
,,,,,,,,
255,14.67696145,Verse,M,Main,R,E2,L1,W3
,,,,,,,,
255,58.64238095,Chorus,M,Feat,S,E1,L2,W4
,,,,,,,,
256,0,Chorus,M,Main,R,E1,L2,W4
,,,,,,,,
256,24.15683333,Verse,M,Main,R,E1,L1,W2
,,,,,,,,
257,7.847437642,Verse,M,Feat,S,E3,L1,W4
,,,,,,,,
257,67.92947846,Chorus,M,Feat,S,E2,L3,W4
,,,,,,,,
258,24.36547917,Verse,W,Main,S,E5,L2,W4
,,,,,,,,
258,36.31560417,Chorus,W,Main,S,E1,L3,W5
,,,,,,,,
259,7.9520625,Chorus,W,Feat,S,E1,L1,W1
,,,,,,,,
259,30.905875,Verse,M,Main,S,E2,L2,W3
,,,,,,,,
260,30.93316667,Verse,W,Main,S,E1,L3,W4
,,,,,,,,
260,61.14833333,Chorus,W,Main,S,E1,L1,W2
,,,,,,,,
261,29.56730159,Chorus,M,Main,S,E3,L3,W5
,,,,,,,,
261,73.88673469,Verse,M,Main,R,E1,L2,W4
,,,,,,,,
262,32.24145833,Verse,W,Main,S,E3,L2,W3
,,,,,,,,
262,70.1479375,Chorus,W,Main,S,E1,L3,W5
,,,,,,,,
263,42.97668934,Chorus,M,Feat,S,E3,L1,W4
,,,,,,,,
263,59.71666667,Verse,M,Main,R,E1,L4,W5
,,,,,,,,
264,15.31241667,Verse,M,Main,S,E4,L1,W4
,,,,,,,,
264,45.3074375,Chorus,M,Main,S,E1,L3,W5
,,,,,,,,
265,26.43195833,Verse,M,Feat,R,E1,L3,W5
,,,,,,,,
265,81.800875,Chorus,W,Main,S,E5,L2,W4
,,,,,,,,
266,15.55702948,Verse,M,Main,S,E3,L2,W3
,,,,,,,,
266,61.3007483,Chorus,M,Main,S,E2,L5,W5
,,,,,,,,
267,0,Chorus,W,Main,S,E3,L1,W4
,,,,,,,,
267,20.06614583,Verse,M,Feat,R,E1,L1,W2
,,,,,,,,
268,13.04555556,Verse,M,Main,R,E3,L1,W3
,,,,,,,,
268,39.45809524,Chorus,M,Main,R,E2,L4,W5
,,,,,,,,
269,24.20807256,Verse,M,Main,S,E3,L1,W3
,,,,,,,,
269,60.30399093,Chorus,M,Main,S,E3,L1,W3
,,,,,,,,
270,0,Chorus,M,Feat,S,E3,L1,W3
,,,,,,,,
270,34.56530612,Verse,M,Main,R,E1,L4,W4
,,,,,,,,
271,0,Chorus,M,Feat,S,E3,L3,W4
,,,,,,,,
271,24.17113379,Verse,M,Main,R,E3,L4,W5
,,,,,,,,
272,0,Chorus,W,Feat,S,E3,L1,W3
,,,,,,,,
272,54.0161875,Verse,M,Main,R,E1,L3,W3
,,,,,,,,
274,0,Chorus,M,Uncredited,S,E4,L4,W5
,,,,,,,,
274,5.908888889,Verse,M,Main,R,E1,L1,W1
,,,,,,,,
275,1.98829932,Chorus,M,Feat,S,E1,L5,W5
,,,,,,,,
275,31.10437642,Verse,M,Main,R,E1,L4,W5
,,,,,,,,
276,13.1992517,Verse,M,Feat,S,E3,L1,W3
,,,,,,,,
276,77.23517007,Chorus,M,Feat,S,E3,L1,W3
,,,,,,,,
278,9.760083333,Verse,W,Main,R,E1,L1,W1
,,,,,,,,
278,78.5801875,Chorus,W,Main,S,E4,L1,W4
,,,,,,,,
279,0,Chorus,W,Feat,S,E5,L1,W3
,,,,,,,,
279,30.6365,Verse,M,Feat,R,E1,L3,W2
,,,,,,,,
280,6.8381875,Verse,W,Main,S,E2,L1,W3
,,,,,,,,
280,47.82979167,Chorus,W,Main,S,E1,L1,W3
,,,,,,,,
281,49.19002268,Verse,W,Feat,S,E3,L1,W3
,,,,,,,,
281,94.64278912,Chorus,M,Main,S,E1,L1,W1
,,,,,,,,
282,0,Chorus,M,Feat,S,E3,L1,W4
,,,,,,,,
282,41.27151927,Verse,M,Main,S,E2,L1,W4
,,,,,,,,
283,2.206145125,Chorus,M,Feat,S,E3,L1,W4
,,,,,,,,
283,23.48278912,Verse,M,Main,R,E1,L3,W4
,,,,,,,,
285,75.15519274,Verse,W,Main,S,E3,L3,W5
,,,,,,,,
285,105.203356,Chorus,W,Main,S,E3,L3,W5
,,,,,,,,
286,15.02619048,Verse,M,Feat,S,E2,L1,W4
,,,,,,,,
286,75.0054195,Dance Chorus,M,Feat,S,E1,L3,W5
,,,,,,,,
287,21.30582766,Verse,M,Main,S,E2,L1,W4
,,,,,,,,
287,42.40854875,Chorus,M,Main,S,E1,L5,W5
,,,,,,,,
290,0,Chorus,M,Neither,S,E2,L4,W5
,,,,,,,,
290,32.32022917,Verse,M,Neither,R,E1,L2,W4
,,,,,,,,
291,12.08322917,Verse,W,Main,S,E1,L1,W4
,,,,,,,,
291,44.94545833,Chorus,W,Main,S,E1,L3,W5
,,,,,,,,
292,28.59020408,Verse,M,Main,R,E5,L1,W4
,,,,,,,,
292,79.0954195,Chorus,M,Feat,S,E2,L1,W4
,,,,,,,,
294,11.02170068,Chorus,M,Feat,S,E3,L1,W3
,,,,,,,,
294,32.8492517,Verse,M,Main,R,E1,L1,W1
,,,,,,,,
295,7.788354167,Verse,W,Main,S,E2,L1,W3
,,,,,,,,
295,54.01464583,Chorus,W,Main,S,E1,L3,W5
,,,,,,,,
296,44.56530612,Chorus,M,Main,S,E1,L1,W2
,,,,,,,,
296,59.29995465,Verse,M,Main,S,E4,L1,W4
,,,,,,,,
297,10.67114583,Chorus,W,Feat,S,E1,L3,W3
,,,,,,,,
297,31.30460417,Verse,M,Main,R,E1,L1,W1
,,,,,,,,
298,0,Chorus,W,Feat,S,E2,L1,W3
,,,,,,,,
298,27.3185,Verse,M,Main,R,E1,L1,W1
,,,,,,,,
299,18.15092971,Verse,M,Main,S,E1,L1,W2
,,,,,,,,
299,49.63147392,Chorus,M,Main,S,E1,L3,W5
,,,,,,,,
300,0,Chorus,M,Feat,S,E3,L1,W4
,,,,,,,,
300,42.75829932,Verse,M,Main,R,E2,L1,W4
,,,,,,,,
301,23.08115646,Verse,M,Main,S,E1,L1,W2
,,,,,,,,
301,52.76482993,Chorus,M,Main,S,E5,L1,W4
,,,,,,,,
302,0,Chorus,M,Feat,S,E1,L1,W1
,,,,,,,,
302,13.04986395,Verse,M,Main,R,E3,L1,W4
,,,,,,,,
303,7.857006803,Verse,W,Main,S,E4,L1,W4
,,,,,,,,
303,47.33993197,Chorus,W,Main,S,E3,L3,W5
,,,,,,,,
304,11.715875,Verse,M,Main,R,E1,L1,W1
,,,,,,,,
304,56.05341667,Chorus,W,Feat,S,E1,L4,W5
,,,,,,,,
305,8.269795918,Verse,M,Main,S,E2,L2,W3
,,,,,,,,
305,40.25258503,Chorus,M,Main,S,E2,L4,W5
,,,,,,,,
306,22.41804989,Chorus,M,Feat,S,E2,L1,W4
,,,,,,,,
306,47.19888889,Verse,M,Main,R,E1,L3,W3
,,,,,,,,
307,14.86594104,Verse,M,Feat,S,E3,L4,W5
,,,,,,,,
307,74.27353742,Chorus,M,Feat,R,E1,L4,W5
,,,,,,,,
308,10.59650794,Chorus,M,Main,S,E3,L2,W4
,,,,,,,,
308,31.37197279,Verse,M,Main,S,E2,L2,W2
,,,,,,,,
309,0,Chorus,W,Neither,R,E1,L4,W5
,,,,,,,,
309,31.7902,Verse,M,Neither,R,E1,L1,W2
,,,,,,,,
310,19.46190476,Verse,M,Main,S,E1,L4,W5
,,,,,,,,
310,58.27331066,Chorus,M,Feat,S,E1,L5,W5
,,,,,,,,
312,22.34566893,Verse,M,Main,S,E3,L2,W4
,,,,,,,,
312,51.47521542,Chorus,M,Main,S,E2,L5,W5
,,,,,,,,
313,15.27777778,Verse,M,Main,S,E3,L1,W3
,,,,,,,,
313,44.77623583,Chorus,M,Main,S,E3,L3,W5
,,,,,,,,
314,21.65529167,Verse,W,Main,S,E2,L2,W3
,,,,,,,,
314,63.96183333,Chorus,W,Main,S,E1,L4,W5
,,,,,,,,
315,68.5414059,Verse,M,Neither,R,E2,L3,W3
,,,,,,,,
315,109.6668481,Chorus,M,Neither,S,E2,L1,W3
,,,,,,,,
316,0,Verse,W,Main,R,E1,L4,W4
,,,,,,,,
316,32.21152083,Chorus,W,Main,R,E1,L4,W5
,,,,,,,,
317,16.32141667,Chorus,M,Main,S,E1,L5,W5
,,,,,,,,
317,42.2313125,Verse,M,Main,S,E1,L1,W2
,,,,,,,,
318,16.0054375,Verse,M,Main,S,E3,L1,W3
,,,,,,,,
318,46.56579167,Chorus,M,Main,S,E1,L5,W5
,,,,,,,,
319,0,Chorus,M,Main,R,E5,L1,W3
,,,,,,,,
319,25.05604167,Verse,M,Main,R,E3,L2,W3
,,,,,,,,
320,5.89,Chorus,M,Feat,S,E3,L3,W3
,,,,,,,,
320,40.8199093,Verse,M,Main,R,E2,L1,W3
,,,,,,,,
321,19.70038549,Chorus,M,Feat,S,E3,L4,W5
,,,,,,,,
321,39.25099773,Verse,M,Main,S,E1,L3,W5
,,,,,,,,
322,26.52378685,Verse,M,Main,S,E3,L2,W4
,,,,,,,,
322,78.43913832,Chorus,M,Main,S,E1,L5,W5
,,,,,,,,
323,0,Chorus,M,Main,S,E1,L1,W1
,,,,,,,,
323,30.59575964,Verse,M,Main,R,E1,L1,W1
,,,,,,,,
326,6.471133787,Chorus,M,Feat,S,E2,L4,W5
,,,,,,,,
326,32.03507937,Verse,M,Feat,R,E1,L2,W3
,,,,,,,,
328,0,Chorus,M,Main,S,E4,L1,W3
,,,,,,,,
328,11.75696145,Verse,M,Main,S,E1,L1,W1
,,,,,,,,
329,12.44244898,Chorus,M,Feat,S,E2,L1,W3
,,,,,,,,
329,48.6114059,Verse,M,Main,R,E2,L2,W3
,,,,,,,,
330,8.241791383,Verse,M,Neither,S,E3,L1,W3
,,,,,,,,
330,39.93485261,Chorus,M,Neither,S,E1,L4,W5
,,,,,,,,
331,28.54428571,Verse,M,Feat,R,E1,L1,W1
,,,,,,,,
331,79.09811791,Chorus,M,Main,S,E3,L1,W4